txid,prev_txid,prev_vout,address,amount
tx_licit_0000,tx_prev_0398,0,bc1q_norm_yqemyaetupurpjnfdd67yh853v4suw2cs5,2.847888
tx_licit_0001,tx_prev_0657,0,bc1q_norm_d3pccvraafea5fypwmak0aflngg7hwt63j,3.573569
tx_licit_0002,tx_prev_0453,0,bc1q_norm_c97ywcnexg98k9lwe8zj324ntf3ezjzv0r,1.039811
tx_licit_0003,tx_prev_0812,0,bc1q_norm_gcczejzpkf7dsns7kxgq4zm86kk3zxg4uh,3.114286
tx_licit_0004,tx_prev_0423,0,bc1q_norm_c97ywcnexg98k9lwe8zj324ntf3ezjzv0r,0.480755
tx_licit_0005,tx_prev_0379,0,bc1q_norm_c97ywcnexg98k9lwe8zj324ntf3ezjzv0r,2.084418
tx_licit_0006,tx_prev_0373,0,bc1q_norm_s2rqtepuzh2jlvvgjgrfn5hzcqnvvvecqs,2.309772
tx_licit_0007,tx_prev_0413,0,bc1q_norm_g9s4faphp2em0a759c0r6eqjut3v20xvll,0.799191
tx_licit_0008,tx_prev_0176,0,bc1q_norm_c97ywcnexg98k9lwe8zj324ntf3ezjzv0r,1.979341
tx_licit_0009,tx_prev_0470,0,bc1q_norm_ekumvlq28a3849ndd79xnm6r6eznkpus82,0.330666
tx_licit_0010,tx_prev_0475,0,bc1q_norm_qj9uz8kexjwv9tfxjuaalzh5kdkkgc7ql8,3.299271
tx_licit_0011,tx_prev_0820,0,bc1q_norm_y2hephx33m39nkczjgm4qvnsr7g8cgf4fp,3.407807
tx_licit_0012,tx_prev_0929,0,bc1q_norm_py544k9mq7n9hwv3f90sn9rkf03wwkul55,1.387797
tx_licit_0013,tx_prev_0278,0,bc1q_norm_lhjfrcq99474ks67hrzja47860k9zkq5vh,3.440433
tx_licit_0014,tx_prev_0922,0,bc1q_norm_7csesu930kzdnsnsy7055pl7qs6mr4uy40,1.910243
tx_licit_0015,tx_prev_0228,0,bc1q_norm_77vc5w0v5596p00t8c62rjrhsj4jy2tvjg,3.544723
tx_licit_0016,tx_prev_0543,0,bc1q_norm_gcczejzpkf7dsns7kxgq4zm86kk3zxg4uh,2.521156
tx_licit_0017,tx_prev_0390,0,bc1q_norm_t807cvy9nezky4z6y94frcmjel9q0xkrrp,3.577869
tx_licit_0018,tx_prev_0694,0,bc1q_norm_py544k9mq7n9hwv3f90sn9rkf03wwkul55,1.049317
tx_licit_0019,tx_prev_0526,0,bc1q_norm_xlhtt74ffgrpz4ecv87gf98xgvk2zuzxv6,1.252891
tx_licit_0020,tx_prev_0564,0,bc1q_norm_vlhg62yhue3n25laz4smt8jggvzammry77,3.542766
tx_licit_0021,tx_prev_0247,0,bc1q_norm_t807cvy9nezky4z6y94frcmjel9q0xkrrp,2.004387
tx_licit_0022,tx_prev_0560,0,bc1q_norm_d5x3u34rtklkc4dpsvrymdl7p84vdsltvz,1.670875
tx_licit_0023,tx_prev_0294,0,bc1q_norm_wp6gdlnf9v7eh8llzazp9lpr2mhwatmdnm,3.796975
tx_licit_0024,tx_prev_0320,0,bc1q_norm_y2hephx33m39nkczjgm4qvnsr7g8cgf4fp,3.866053
tx_licit_0025,tx_prev_0370,0,bc1q_norm_77vc5w0v5596p00t8c62rjrhsj4jy2tvjg,0.275059
tx_licit_0026,tx_prev_0616,0,bc1q_norm_shssgxlnmvn53ga92jag2u3vvmjgktwgtn,1.660549
tx_licit_0027,tx_prev_0671,0,bc1q_norm_mmfljx7q8epacs3gzz379xwwd6uqmzn0ua,2.224476
tx_licit_0028,tx_prev_0631,0,bc1q_norm_d5x3u34rtklkc4dpsvrymdl7p84vdsltvz,0.926586
tx_licit_0029,tx_prev_0707,0,bc1q_norm_p6630gma8qqgpxtnpxfknxu36arla4qqyj,4.233111
tx_licit_0030,tx_prev_0697,0,bc1q_norm_vlhg62yhue3n25laz4smt8jggvzammry77,2.02736
tx_licit_0031,tx_prev_0838,0,bc1q_norm_shssgxlnmvn53ga92jag2u3vvmjgktwgtn,2.316716
tx_licit_0032,tx_prev_0522,0,bc1q_norm_shssgxlnmvn53ga92jag2u3vvmjgktwgtn,0.497757
tx_licit_0033,tx_prev_0638,0,bc1q_norm_py544k9mq7n9hwv3f90sn9rkf03wwkul55,2.98347
tx_licit_0034,tx_prev_0405,0,bc1q_norm_gcczejzpkf7dsns7kxgq4zm86kk3zxg4uh,1.035278
tx_licit_0035,tx_prev_0394,0,bc1q_norm_p6630gma8qqgpxtnpxfknxu36arla4qqyj,2.924819
tx_licit_0036,tx_prev_0552,0,bc1q_norm_awtvw784swfm5xvztw0rcxtvt9t4vv8uga,1.785152
tx_licit_0037,tx_prev_0345,0,bc1q_norm_fr9vu3w8gme0v67tcwq90y3rhsqnht38qa,1.177801
tx_licit_0038,tx_prev_0105,0,bc1q_norm_h7e2ez9tgfyzkq5aylkr2ljv6y36mp84w8,2.715475
tx_licit_0039,tx_prev_0767,0,bc1q_norm_77vc5w0v5596p00t8c62rjrhsj4jy2tvjg,1.839437
tx_licit_0040,tx_prev_0997,0,bc1q_norm_c97ywcnexg98k9lwe8zj324ntf3ezjzv0r,1.466978
tx_licit_0041,tx_prev_0756,0,bc1q_norm_shssgxlnmvn53ga92jag2u3vvmjgktwgtn,3.654807
tx_licit_0042,tx_prev_0835,0,bc1q_norm_ncusp8708hv3fn7qh8n0ss4f6yj28vgtpz,1.123728
tx_licit_0043,tx_prev_0289,0,bc1q_norm_d3pccvraafea5fypwmak0aflngg7hwt63j,2.005882
tx_licit_0044,tx_prev_0696,0,bc1q_norm_s2rqtepuzh2jlvvgjgrfn5hzcqnvvvecqs,3.609191
tx_licit_0045,tx_prev_0820,0,bc1q_norm_pk9n4fgyw9j6xvanm5sksj0c0xwua2wy3h,1.573457
tx_licit_0046,tx_prev_0482,0,bc1q_norm_lqvse0dsvyfrkm88f0cpe6g5m0el0n5g2e,1.351551
tx_licit_0047,tx_prev_0179,0,bc1q_norm_7csesu930kzdnsnsy7055pl7qs6mr4uy40,2.438454
tx_licit_0048,tx_prev_0552,0,bc1q_norm_ncusp8708hv3fn7qh8n0ss4f6yj28vgtpz,0.962397
tx_licit_0049,tx_prev_0159,0,bc1q_norm_ytdt0kgppluy480wkx83uxaf5yah4w5gpr,0.97919
tx_licit_0050,tx_prev_0654,0,bc1q_norm_mywmrjukwrh98nsjn93a9ck58qq3fkf7fw,0.616426
tx_licit_0051,tx_prev_0990,0,bc1q_norm_d3pccvraafea5fypwmak0aflngg7hwt63j,2.24419
tx_licit_0052,tx_prev_0230,0,bc1q_norm_py544k9mq7n9hwv3f90sn9rkf03wwkul55,1.249367
tx_licit_0053,tx_prev_0454,0,bc1q_norm_g9s4faphp2em0a759c0r6eqjut3v20xvll,1.665302
tx_licit_0054,tx_prev_0557,0,bc1q_norm_e6ust6gfp8gargkathudyzgaejyut59nvk,0.951889
tx_licit_0055,tx_prev_0615,0,bc1q_norm_lqvse0dsvyfrkm88f0cpe6g5m0el0n5g2e,3.451188
tx_licit_0056,tx_prev_0326,0,bc1q_norm_p6630gma8qqgpxtnpxfknxu36arla4qqyj,4.060317
tx_licit_0057,tx_prev_0904,0,bc1q_norm_prpunwnaglr3ar65kzjxu9uhtrc4y5yvrz,0.621823
tx_licit_0058,tx_prev_0925,0,bc1q_norm_d3pccvraafea5fypwmak0aflngg7hwt63j,1.18425
tx_licit_0059,tx_prev_0560,0,bc1q_norm_umn0xu96qac0vle5n0r7fcdrsl326mp9ph,1.170965
tx_licit_0060,tx_prev_0841,0,bc1q_norm_s2rqtepuzh2jlvvgjgrfn5hzcqnvvvecqs,3.333438
tx_licit_0061,tx_prev_0864,0,bc1q_norm_vlhg62yhue3n25laz4smt8jggvzammry77,4.249171
tx_licit_0062,tx_prev_0646,0,bc1q_norm_v23nxzrf4nvgqw2tad5jlt63vm8x5g990t,1.514425
tx_licit_0063,tx_prev_0479,0,bc1q_norm_yfr5f4hfy2dgyv4pkzde74vgpnm0t85l3s,3.06593
tx_licit_0064,tx_prev_0402,0,bc1q_norm_ekumvlq28a3849ndd79xnm6r6eznkpus82,3.896245
tx_licit_0065,tx_prev_0571,0,bc1q_norm_y2hephx33m39nkczjgm4qvnsr7g8cgf4fp,1.77731
tx_licit_0066,tx_prev_0134,0,bc1q_norm_y2hephx33m39nkczjgm4qvnsr7g8cgf4fp,4.428229
tx_licit_0067,tx_prev_0161,0,bc1q_norm_lqvse0dsvyfrkm88f0cpe6g5m0el0n5g2e,0.636798
tx_licit_0068,tx_prev_0648,0,bc1q_norm_n098rpw3f07j07nk8lt0tqc5yc34vmtrkz,1.584272
tx_licit_0069,tx_prev_0358,0,bc1q_norm_h7e2ez9tgfyzkq5aylkr2ljv6y36mp84w8,0.836535
tx_licit_0070,tx_prev_0769,0,bc1q_norm_yfr5f4hfy2dgyv4pkzde74vgpnm0t85l3s,3.769676
tx_licit_0071,tx_prev_0611,0,bc1q_norm_qf40ctmux3v8ljeacc6j4jwdruu857msn6,2.979442
tx_licit_0072,tx_prev_0586,0,bc1q_norm_c97ywcnexg98k9lwe8zj324ntf3ezjzv0r,3.882551
tx_licit_0073,tx_prev_0178,0,bc1q_norm_d3pccvraafea5fypwmak0aflngg7hwt63j,3.995501
tx_licit_0074,tx_prev_0612,0,bc1q_norm_g9s4faphp2em0a759c0r6eqjut3v20xvll,2.882908
tx_licit_0075,tx_prev_0379,0,bc1q_norm_3ss5hk9vf7kr7azngj48cl883n8wv38p75,3.786615
tx_licit_0076,tx_prev_0890,0,bc1q_norm_s2rqtepuzh2jlvvgjgrfn5hzcqnvvvecqs,3.089652
tx_licit_0077,tx_prev_0415,0,bc1q_norm_s2rqtepuzh2jlvvgjgrfn5hzcqnvvvecqs,1.338536
tx_licit_0078,tx_prev_0191,0,bc1q_norm_prpunwnaglr3ar65kzjxu9uhtrc4y5yvrz,2.431193
tx_licit_0079,tx_prev_0685,0,bc1q_norm_wp6gdlnf9v7eh8llzazp9lpr2mhwatmdnm,3.154394
tx_licit_0080,tx_prev_0406,0,bc1q_norm_fr9vu3w8gme0v67tcwq90y3rhsqnht38qa,0.759581
tx_licit_0081,tx_prev_0505,0,bc1q_norm_y2hephx33m39nkczjgm4qvnsr7g8cgf4fp,1.851664
tx_licit_0082,tx_prev_0590,0,bc1q_norm_prpunwnaglr3ar65kzjxu9uhtrc4y5yvrz,1.729492
tx_licit_0083,tx_prev_0473,0,bc1q_norm_shssgxlnmvn53ga92jag2u3vvmjgktwgtn,2.182336
tx_licit_0084,tx_prev_0951,0,bc1q_norm_qf40ctmux3v8ljeacc6j4jwdruu857msn6,3.592047
tx_licit_0085,tx_prev_0559,0,bc1q_norm_7csesu930kzdnsnsy7055pl7qs6mr4uy40,3.327835
tx_licit_0086,tx_prev_0708,0,bc1q_norm_wp6gdlnf9v7eh8llzazp9lpr2mhwatmdnm,3.201664
tx_licit_0087,tx_prev_0870,0,bc1q_norm_t807cvy9nezky4z6y94frcmjel9q0xkrrp,4.153273
tx_licit_0088,tx_prev_0556,0,bc1q_norm_lqvse0dsvyfrkm88f0cpe6g5m0el0n5g2e,2.694075
tx_licit_0089,tx_prev_0218,0,bc1q_norm_ekumvlq28a3849ndd79xnm6r6eznkpus82,1.997834
tx_licit_0090,tx_prev_0426,0,bc1q_norm_mywmrjukwrh98nsjn93a9ck58qq3fkf7fw,1.439597
tx_licit_0091,tx_prev_0858,0,bc1q_norm_mmfljx7q8epacs3gzz379xwwd6uqmzn0ua,2.995021
tx_licit_0092,tx_prev_0755,0,bc1q_norm_prpunwnaglr3ar65kzjxu9uhtrc4y5yvrz,3.469141
tx_licit_0093,tx_prev_0385,0,bc1q_norm_ytdt0kgppluy480wkx83uxaf5yah4w5gpr,2.125845
tx_licit_0094,tx_prev_0640,0,bc1q_norm_d3pccvraafea5fypwmak0aflngg7hwt63j,0.932565
tx_licit_0095,tx_prev_0729,0,bc1q_norm_mmfljx7q8epacs3gzz379xwwd6uqmzn0ua,3.622762
tx_licit_0096,tx_prev_0710,0,bc1q_norm_mmfljx7q8epacs3gzz379xwwd6uqmzn0ua,3.002198
tx_licit_0097,tx_prev_0962,0,bc1q_norm_d3pccvraafea5fypwmak0aflngg7hwt63j,1.965632
tx_licit_0098,tx_prev_0525,0,bc1q_norm_ncusp8708hv3fn7qh8n0ss4f6yj28vgtpz,2.339334
tx_licit_0099,tx_prev_0272,0,bc1q_norm_ekumvlq28a3849ndd79xnm6r6eznkpus82,0.465257
tx_licit_0100,tx_prev_0655,0,bc1q_norm_shssgxlnmvn53ga92jag2u3vvmjgktwgtn,3.565195
tx_licit_0101,tx_prev_0456,0,bc1q_norm_h7e2ez9tgfyzkq5aylkr2ljv6y36mp84w8,3.197201
tx_licit_0102,tx_prev_0269,0,bc1q_norm_mywmrjukwrh98nsjn93a9ck58qq3fkf7fw,3.669954
tx_licit_0103,tx_prev_0396,0,bc1q_norm_g9s4faphp2em0a759c0r6eqjut3v20xvll,1.612102
tx_licit_0104,tx_prev_0828,0,bc1q_norm_pk9n4fgyw9j6xvanm5sksj0c0xwua2wy3h,2.689444
tx_licit_0105,tx_prev_0512,0,bc1q_norm_fr9vu3w8gme0v67tcwq90y3rhsqnht38qa,2.279736
tx_licit_0106,tx_prev_0970,0,bc1q_norm_ch524wcqj68ggj6dafcmtn34parpxvcl5d,3.084419
tx_licit_0107,tx_prev_0948,0,bc1q_norm_v23nxzrf4nvgqw2tad5jlt63vm8x5g990t,3.441067
tx_licit_0108,tx_prev_0116,0,bc1q_norm_h32fc93yulyzp92shnx6lnh3dcpvcqayuk,1.199134
tx_licit_0109,tx_prev_0195,0,bc1q_norm_ncusp8708hv3fn7qh8n0ss4f6yj28vgtpz,1.538025
tx_licit_0110,tx_prev_0771,0,bc1q_norm_pk9n4fgyw9j6xvanm5sksj0c0xwua2wy3h,3.334469
tx_licit_0111,tx_prev_0796,0,bc1q_norm_n098rpw3f07j07nk8lt0tqc5yc34vmtrkz,0.953301
tx_licit_0112,tx_prev_0205,0,bc1q_norm_py544k9mq7n9hwv3f90sn9rkf03wwkul55,1.020365
tx_licit_0113,tx_prev_0550,0,bc1q_norm_awtvw784swfm5xvztw0rcxtvt9t4vv8uga,2.642742
tx_licit_0114,tx_prev_0459,0,bc1q_norm_mywmrjukwrh98nsjn93a9ck58qq3fkf7fw,0.743987
tx_licit_0115,tx_prev_0310,0,bc1q_norm_7csesu930kzdnsnsy7055pl7qs6mr4uy40,3.458973
tx_licit_0116,tx_prev_0172,0,bc1q_norm_7csesu930kzdnsnsy7055pl7qs6mr4uy40,0.98869
tx_licit_0117,tx_prev_0888,0,bc1q_norm_shssgxlnmvn53ga92jag2u3vvmjgktwgtn,2.190522
tx_licit_0118,tx_prev_0618,0,bc1q_norm_3ss5hk9vf7kr7azngj48cl883n8wv38p75,1.724734
tx_licit_0119,tx_prev_0180,0,bc1q_norm_xlhtt74ffgrpz4ecv87gf98xgvk2zuzxv6,2.525183
tx_licit_0120,tx_prev_0159,0,bc1q_norm_ch524wcqj68ggj6dafcmtn34parpxvcl5d,3.217495
tx_licit_0121,tx_prev_0267,0,bc1q_norm_pk9n4fgyw9j6xvanm5sksj0c0xwua2wy3h,1.199289
tx_licit_0122,tx_prev_0889,0,bc1q_norm_t807cvy9nezky4z6y94frcmjel9q0xkrrp,3.522943
tx_licit_0123,tx_prev_0611,0,bc1q_norm_apyeq3qn4svm4ztdfdjcvu4ynuqfry9tkh,2.321513
tx_licit_0124,tx_prev_0350,0,bc1q_norm_shssgxlnmvn53ga92jag2u3vvmjgktwgtn,2.708103
tx_licit_0125,tx_prev_0922,0,bc1q_norm_s2rqtepuzh2jlvvgjgrfn5hzcqnvvvecqs,4.134339
tx_licit_0126,tx_prev_0283,0,bc1q_norm_p6630gma8qqgpxtnpxfknxu36arla4qqyj,2.22936
tx_licit_0127,tx_prev_0305,0,bc1q_norm_lhjfrcq99474ks67hrzja47860k9zkq5vh,0.859202
tx_licit_0128,tx_prev_0519,0,bc1q_norm_y2hephx33m39nkczjgm4qvnsr7g8cgf4fp,2.994378
tx_licit_0129,tx_prev_0206,0,bc1q_norm_gcczejzpkf7dsns7kxgq4zm86kk3zxg4uh,0.746717
tx_licit_0130,tx_prev_0522,0,bc1q_norm_fr9vu3w8gme0v67tcwq90y3rhsqnht38qa,4.136056
tx_licit_0131,tx_prev_0778,0,bc1q_norm_d5x3u34rtklkc4dpsvrymdl7p84vdsltvz,0.919304
tx_licit_0132,tx_prev_0239,0,bc1q_norm_v23nxzrf4nvgqw2tad5jlt63vm8x5g990t,1.922365
tx_licit_0133,tx_prev_0562,0,bc1q_norm_ytdt0kgppluy480wkx83uxaf5yah4w5gpr,2.0349
tx_licit_0134,tx_prev_0828,0,bc1q_norm_yqemyaetupurpjnfdd67yh853v4suw2cs5,3.329054
tx_licit_0135,tx_prev_0866,0,bc1q_norm_apyeq3qn4svm4ztdfdjcvu4ynuqfry9tkh,4.203974
tx_licit_0136,tx_prev_0302,0,bc1q_norm_mmfljx7q8epacs3gzz379xwwd6uqmzn0ua,3.899196
tx_licit_0137,tx_prev_0194,0,bc1q_norm_3ss5hk9vf7kr7azngj48cl883n8wv38p75,1.413727
tx_licit_0138,tx_prev_0491,0,bc1q_norm_t807cvy9nezky4z6y94frcmjel9q0xkrrp,3.340414
tx_licit_0139,tx_prev_0731,0,bc1q_norm_fr9vu3w8gme0v67tcwq90y3rhsqnht38qa,3.229096
tx_licit_0140,tx_prev_0758,0,bc1q_norm_77vc5w0v5596p00t8c62rjrhsj4jy2tvjg,1.238839
tx_licit_0141,tx_prev_0679,0,bc1q_norm_ekumvlq28a3849ndd79xnm6r6eznkpus82,2.508303
tx_licit_0142,tx_prev_0928,0,bc1q_norm_yqemyaetupurpjnfdd67yh853v4suw2cs5,3.941172
tx_licit_0143,tx_prev_0882,0,bc1q_norm_h7e2ez9tgfyzkq5aylkr2ljv6y36mp84w8,1.804275
tx_licit_0144,tx_prev_0705,0,bc1q_norm_d3pccvraafea5fypwmak0aflngg7hwt63j,1.91151
tx_licit_0145,tx_prev_0655,0,bc1q_norm_shssgxlnmvn53ga92jag2u3vvmjgktwgtn,2.262236
tx_licit_0146,tx_prev_0306,0,bc1q_norm_yqemyaetupurpjnfdd67yh853v4suw2cs5,1.966962
tx_licit_0147,tx_prev_0174,0,bc1q_norm_awtvw784swfm5xvztw0rcxtvt9t4vv8uga,3.583497
tx_licit_0148,tx_prev_0598,0,bc1q_norm_p6630gma8qqgpxtnpxfknxu36arla4qqyj,3.069896
tx_licit_0149,tx_prev_0230,0,bc1q_norm_lqvse0dsvyfrkm88f0cpe6g5m0el0n5g2e,2.11612
tx_illicit_peel_000,tx_peel_init_0,0,bc1q_peel_master_source_x99a7b1c3e4d,25.0
tx_illicit_peel_001,tx_peel_init_1,1,bc1q_peel_hop_00_3940erzwhek4,24.2498
tx_illicit_peel_002,tx_peel_init_2,1,bc1q_peel_hop_01_6477qrr9a82l,23.4996
tx_illicit_peel_003,tx_peel_init_3,1,bc1q_peel_hop_02_g9ul5q4ptfs8,22.7494
tx_illicit_peel_004,tx_peel_init_4,1,bc1q_peel_hop_03_fzfznu9xx3ee,21.9992
tx_illicit_peel_005,tx_peel_init_5,1,bc1q_peel_hop_04_6empeewq2h9d,21.249
tx_illicit_peel_006,tx_peel_init_6,1,bc1q_peel_hop_05_qesjl6w7222d,20.4988
tx_illicit_peel_007,tx_peel_init_7,1,bc1q_peel_hop_06_87njvyph56t8,19.7486
tx_illicit_dust_000,tx_dust_feed_0,0,bc1q_dust_botnet_origin_f83b1a9c4e20,5.5e-05
tx_illicit_dust_001,tx_dust_feed_1,0,bc1q_dust_botnet_origin_f83b1a9c4e20,5.5e-05
tx_illicit_dust_002,tx_dust_feed_2,0,bc1q_dust_botnet_origin_f83b1a9c4e20,5.5e-05
tx_illicit_dust_003,tx_dust_feed_3,0,bc1q_dust_botnet_origin_f83b1a9c4e20,5.5e-05
tx_illicit_dust_004,tx_dust_feed_4,0,bc1q_dust_botnet_origin_f83b1a9c4e20,5.5e-05
tx_illicit_dust_005,tx_dust_feed_5,0,bc1q_dust_botnet_origin_f83b1a9c4e20,5.5e-05
tx_illicit_dust_006,tx_dust_feed_6,0,bc1q_dust_botnet_origin_f83b1a9c4e20,5.5e-05
tx_illicit_dust_007,tx_dust_feed_7,0,bc1q_dust_botnet_origin_f83b1a9c4e20,5.5e-05
tx_illicit_dust_008,tx_dust_feed_8,0,bc1q_dust_botnet_origin_f83b1a9c4e20,5.5e-05
tx_illicit_dust_009,tx_dust_feed_9,0,bc1q_dust_botnet_origin_f83b1a9c4e20,5.5e-05
tx_illicit_dust_010,tx_dust_feed_10,0,bc1q_dust_botnet_origin_f83b1a9c4e20,5.5e-05
tx_illicit_dust_011,tx_dust_feed_11,0,bc1q_dust_botnet_origin_f83b1a9c4e20,5.5e-05
tx_illicit_dust_012,tx_dust_feed_12,0,bc1q_dust_botnet_origin_f83b1a9c4e20,5.5e-05
tx_illicit_dust_013,tx_dust_feed_13,0,bc1q_dust_botnet_origin_f83b1a9c4e20,5.5e-05
tx_illicit_dust_014,tx_dust_feed_14,0,bc1q_dust_botnet_origin_f83b1a9c4e20,5.5e-05
tx_illicit_dust_015,tx_dust_feed_15,0,bc1q_dust_botnet_origin_f83b1a9c4e20,5.5e-05
tx_illicit_dust_016,tx_dust_feed_16,0,bc1q_dust_botnet_origin_f83b1a9c4e20,5.5e-05
tx_illicit_dust_017,tx_dust_feed_17,0,bc1q_dust_botnet_origin_f83b1a9c4e20,5.5e-05
tx_illicit_dust_018,tx_dust_feed_18,0,bc1q_dust_botnet_origin_f83b1a9c4e20,5.5e-05
tx_illicit_dust_019,tx_dust_feed_19,0,bc1q_dust_botnet_origin_f83b1a9c4e20,5.5e-05
tx_illicit_dispersal_001,tx_pre_dispersal_funding,0,bc1q_dispersal_launderer_w77d2f9a1b0c,5.001
tx_illicit_zerofee_collusion_001,tx_whale_vault_feed,0,bc1q_miner_siphon_collusion_000000fee,50.0
