txid,output_index,address,amount
tx_licit_0000,0,bc1q_norm_g9s4faphp2em0a759c0r6eqjut3v20xvll,2.230245
tx_licit_0000,1,bc1q_norm_ekumvlq28a3849ndd79xnm6r6eznkpus82,0.617543
tx_licit_0001,0,bc1q_norm_xlhtt74ffgrpz4ecv87gf98xgvk2zuzxv6,3.412558
tx_licit_0001,1,bc1q_norm_qf40ctmux3v8ljeacc6j4jwdruu857msn6,0.160911
tx_licit_0002,0,bc1q_norm_v23nxzrf4nvgqw2tad5jlt63vm8x5g990t,0.925093
tx_licit_0002,1,bc1q_norm_s2rqtepuzh2jlvvgjgrfn5hzcqnvvvecqs,0.114618
tx_licit_0003,0,bc1q_norm_qf40ctmux3v8ljeacc6j4jwdruu857msn6,2.856606
tx_licit_0003,1,bc1q_norm_h32fc93yulyzp92shnx6lnh3dcpvcqayuk,0.25758
tx_licit_0004,0,bc1q_norm_vlhg62yhue3n25laz4smt8jggvzammry77,0.201132
tx_licit_0004,1,bc1q_norm_mywmrjukwrh98nsjn93a9ck58qq3fkf7fw,0.279523
tx_licit_0005,0,bc1q_norm_mywmrjukwrh98nsjn93a9ck58qq3fkf7fw,1.281561
tx_licit_0005,1,bc1q_norm_p6630gma8qqgpxtnpxfknxu36arla4qqyj,0.802757
tx_licit_0006,0,bc1q_norm_h32fc93yulyzp92shnx6lnh3dcpvcqayuk,1.761901
tx_licit_0006,1,bc1q_norm_d3pccvraafea5fypwmak0aflngg7hwt63j,0.547771
tx_licit_0007,0,bc1q_norm_lhjfrcq99474ks67hrzja47860k9zkq5vh,0.403963
tx_licit_0007,1,bc1q_norm_h32fc93yulyzp92shnx6lnh3dcpvcqayuk,0.395128
tx_licit_0008,0,bc1q_norm_qj9uz8kexjwv9tfxjuaalzh5kdkkgc7ql8,0.997216
tx_licit_0008,1,bc1q_norm_yfr5f4hfy2dgyv4pkzde74vgpnm0t85l3s,0.982025
tx_licit_0009,0,bc1q_norm_t807cvy9nezky4z6y94frcmjel9q0xkrrp,0.170056
tx_licit_0009,1,bc1q_norm_77vc5w0v5596p00t8c62rjrhsj4jy2tvjg,0.16051
tx_licit_0010,0,bc1q_norm_s2rqtepuzh2jlvvgjgrfn5hzcqnvvvecqs,2.682641
tx_licit_0010,1,bc1q_norm_77vc5w0v5596p00t8c62rjrhsj4jy2tvjg,0.61653
tx_licit_0011,0,bc1q_norm_g9s4faphp2em0a759c0r6eqjut3v20xvll,3.201722
tx_licit_0011,1,bc1q_norm_s2rqtepuzh2jlvvgjgrfn5hzcqnvvvecqs,0.205985
tx_licit_0012,0,bc1q_norm_3ss5hk9vf7kr7azngj48cl883n8wv38p75,0.645664
tx_licit_0012,1,bc1q_norm_77vc5w0v5596p00t8c62rjrhsj4jy2tvjg,0.742033
tx_licit_0013,0,bc1q_norm_p6630gma8qqgpxtnpxfknxu36arla4qqyj,2.505741
tx_licit_0013,1,bc1q_norm_t807cvy9nezky4z6y94frcmjel9q0xkrrp,0.934592
tx_licit_0014,0,bc1q_norm_d5x3u34rtklkc4dpsvrymdl7p84vdsltvz,1.295093
tx_licit_0014,1,bc1q_norm_ekumvlq28a3849ndd79xnm6r6eznkpus82,0.61505
tx_licit_0015,0,bc1q_norm_g9s4faphp2em0a759c0r6eqjut3v20xvll,2.703618
tx_licit_0015,1,bc1q_norm_wp6gdlnf9v7eh8llzazp9lpr2mhwatmdnm,0.841005
tx_licit_0016,0,bc1q_norm_py544k9mq7n9hwv3f90sn9rkf03wwkul55,2.257289
tx_licit_0016,1,bc1q_norm_ch524wcqj68ggj6dafcmtn34parpxvcl5d,0.263767
tx_licit_0017,0,bc1q_norm_d3pccvraafea5fypwmak0aflngg7hwt63j,3.274846
tx_licit_0017,1,bc1q_norm_gcczejzpkf7dsns7kxgq4zm86kk3zxg4uh,0.302923
tx_licit_0018,0,bc1q_norm_p6630gma8qqgpxtnpxfknxu36arla4qqyj,0.372328
tx_licit_0018,1,bc1q_norm_shssgxlnmvn53ga92jag2u3vvmjgktwgtn,0.676889
tx_licit_0019,0,bc1q_norm_c97ywcnexg98k9lwe8zj324ntf3ezjzv0r,0.963063
tx_licit_0019,1,bc1q_norm_yqemyaetupurpjnfdd67yh853v4suw2cs5,0.289728
tx_licit_0020,0,bc1q_norm_y2hephx33m39nkczjgm4qvnsr7g8cgf4fp,2.826174
tx_licit_0020,1,bc1q_norm_7csesu930kzdnsnsy7055pl7qs6mr4uy40,0.716492
tx_licit_0021,0,bc1q_norm_yfr5f4hfy2dgyv4pkzde74vgpnm0t85l3s,1.720666
tx_licit_0021,1,bc1q_norm_prpunwnaglr3ar65kzjxu9uhtrc4y5yvrz,0.283621
tx_licit_0022,0,bc1q_norm_shssgxlnmvn53ga92jag2u3vvmjgktwgtn,1.15095
tx_licit_0022,1,bc1q_norm_h7e2ez9tgfyzkq5aylkr2ljv6y36mp84w8,0.519825
tx_licit_0023,0,bc1q_norm_7csesu930kzdnsnsy7055pl7qs6mr4uy40,2.856499
tx_licit_0023,1,bc1q_norm_t807cvy9nezky4z6y94frcmjel9q0xkrrp,0.940376
tx_licit_0024,0,bc1q_norm_ekumvlq28a3849ndd79xnm6r6eznkpus82,3.311053
tx_licit_0024,1,bc1q_norm_h7e2ez9tgfyzkq5aylkr2ljv6y36mp84w8,0.5549
tx_licit_0025,0,bc1q_norm_lhjfrcq99474ks67hrzja47860k9zkq5vh,0.078212
tx_licit_0025,1,bc1q_norm_shssgxlnmvn53ga92jag2u3vvmjgktwgtn,0.196747
tx_licit_0026,0,bc1q_norm_qf40ctmux3v8ljeacc6j4jwdruu857msn6,1.300707
tx_licit_0026,1,bc1q_norm_ncusp8708hv3fn7qh8n0ss4f6yj28vgtpz,0.359742
tx_licit_0027,0,bc1q_norm_awtvw784swfm5xvztw0rcxtvt9t4vv8uga,1.408968
tx_licit_0027,1,bc1q_norm_h7e2ez9tgfyzkq5aylkr2ljv6y36mp84w8,0.815408
tx_licit_0028,0,bc1q_norm_c97ywcnexg98k9lwe8zj324ntf3ezjzv0r,0.184253
tx_licit_0028,1,bc1q_norm_pk9n4fgyw9j6xvanm5sksj0c0xwua2wy3h,0.742233
tx_licit_0029,0,bc1q_norm_t807cvy9nezky4z6y94frcmjel9q0xkrrp,3.467624
tx_licit_0029,1,bc1q_norm_prpunwnaglr3ar65kzjxu9uhtrc4y5yvrz,0.765387
tx_licit_0030,0,bc1q_norm_y2hephx33m39nkczjgm4qvnsr7g8cgf4fp,1.320834
tx_licit_0030,1,bc1q_norm_ekumvlq28a3849ndd79xnm6r6eznkpus82,0.706426
tx_licit_0031,0,bc1q_norm_lqvse0dsvyfrkm88f0cpe6g5m0el0n5g2e,2.063155
tx_licit_0031,1,bc1q_norm_pk9n4fgyw9j6xvanm5sksj0c0xwua2wy3h,0.253461
tx_licit_0032,0,bc1q_norm_mmfljx7q8epacs3gzz379xwwd6uqmzn0ua,0.115334
tx_licit_0032,1,bc1q_norm_mywmrjukwrh98nsjn93a9ck58qq3fkf7fw,0.382323
tx_licit_0033,0,bc1q_norm_g9s4faphp2em0a759c0r6eqjut3v20xvll,1.985059
tx_licit_0033,1,bc1q_norm_lqvse0dsvyfrkm88f0cpe6g5m0el0n5g2e,0.998311
tx_licit_0034,0,bc1q_norm_apyeq3qn4svm4ztdfdjcvu4ynuqfry9tkh,0.713311
tx_licit_0034,1,bc1q_norm_d5x3u34rtklkc4dpsvrymdl7p84vdsltvz,0.321867
tx_licit_0035,0,bc1q_norm_y2hephx33m39nkczjgm4qvnsr7g8cgf4fp,1.983682
tx_licit_0035,1,bc1q_norm_qj9uz8kexjwv9tfxjuaalzh5kdkkgc7ql8,0.941037
tx_licit_0036,0,bc1q_norm_vlhg62yhue3n25laz4smt8jggvzammry77,1.042325
tx_licit_0036,1,bc1q_norm_c97ywcnexg98k9lwe8zj324ntf3ezjzv0r,0.742727
tx_licit_0037,0,bc1q_norm_shssgxlnmvn53ga92jag2u3vvmjgktwgtn,0.523592
tx_licit_0037,1,bc1q_norm_lhjfrcq99474ks67hrzja47860k9zkq5vh,0.654109
tx_licit_0038,0,bc1q_norm_prpunwnaglr3ar65kzjxu9uhtrc4y5yvrz,2.524885
tx_licit_0038,1,bc1q_norm_gcczejzpkf7dsns7kxgq4zm86kk3zxg4uh,0.19049
tx_licit_0039,0,bc1q_norm_ncusp8708hv3fn7qh8n0ss4f6yj28vgtpz,1.158029
tx_licit_0039,1,bc1q_norm_vlhg62yhue3n25laz4smt8jggvzammry77,0.681308
tx_licit_0040,0,bc1q_norm_wp6gdlnf9v7eh8llzazp9lpr2mhwatmdnm,0.692775
tx_licit_0040,1,bc1q_norm_umn0xu96qac0vle5n0r7fcdrsl326mp9ph,0.774103
tx_licit_0041,0,bc1q_norm_e6ust6gfp8gargkathudyzgaejyut59nvk,3.253169
tx_licit_0041,1,bc1q_norm_h7e2ez9tgfyzkq5aylkr2ljv6y36mp84w8,0.401538
tx_licit_0042,0,bc1q_norm_mmfljx7q8epacs3gzz379xwwd6uqmzn0ua,0.610605
tx_licit_0042,1,bc1q_norm_qj9uz8kexjwv9tfxjuaalzh5kdkkgc7ql8,0.513023
tx_licit_0043,0,bc1q_norm_wp6gdlnf9v7eh8llzazp9lpr2mhwatmdnm,1.827718
tx_licit_0043,1,bc1q_norm_yfr5f4hfy2dgyv4pkzde74vgpnm0t85l3s,0.178064
tx_licit_0044,0,bc1q_norm_7csesu930kzdnsnsy7055pl7qs6mr4uy40,2.65046
tx_licit_0044,1,bc1q_norm_77vc5w0v5596p00t8c62rjrhsj4jy2tvjg,0.958631
tx_licit_0045,0,bc1q_norm_py544k9mq7n9hwv3f90sn9rkf03wwkul55,1.108482
tx_licit_0045,1,bc1q_norm_y2hephx33m39nkczjgm4qvnsr7g8cgf4fp,0.464875
tx_licit_0046,0,bc1q_norm_py544k9mq7n9hwv3f90sn9rkf03wwkul55,0.57849
tx_licit_0046,1,bc1q_norm_d5x3u34rtklkc4dpsvrymdl7p84vdsltvz,0.772961
tx_licit_0047,0,bc1q_norm_e6ust6gfp8gargkathudyzgaejyut59nvk,1.862998
tx_licit_0047,1,bc1q_norm_xlhtt74ffgrpz4ecv87gf98xgvk2zuzxv6,0.575356
tx_licit_0048,0,bc1q_norm_ch524wcqj68ggj6dafcmtn34parpxvcl5d,0.566991
tx_licit_0048,1,bc1q_norm_qf40ctmux3v8ljeacc6j4jwdruu857msn6,0.395306
tx_licit_0049,0,bc1q_norm_pk9n4fgyw9j6xvanm5sksj0c0xwua2wy3h,0.505208
tx_licit_0049,1,bc1q_norm_y2hephx33m39nkczjgm4qvnsr7g8cgf4fp,0.473882
tx_licit_0050,0,bc1q_norm_yqemyaetupurpjnfdd67yh853v4suw2cs5,0.20625
tx_licit_0050,1,bc1q_norm_3ss5hk9vf7kr7azngj48cl883n8wv38p75,0.410076
tx_licit_0051,0,bc1q_norm_py544k9mq7n9hwv3f90sn9rkf03wwkul55,1.34189
tx_licit_0051,1,bc1q_norm_ytdt0kgppluy480wkx83uxaf5yah4w5gpr,0.9022
tx_licit_0052,0,bc1q_norm_qj9uz8kexjwv9tfxjuaalzh5kdkkgc7ql8,0.665734
tx_licit_0052,1,bc1q_norm_mmfljx7q8epacs3gzz379xwwd6uqmzn0ua,0.583533
tx_licit_0053,0,bc1q_norm_prpunwnaglr3ar65kzjxu9uhtrc4y5yvrz,1.358504
tx_licit_0053,1,bc1q_norm_shssgxlnmvn53ga92jag2u3vvmjgktwgtn,0.306698
tx_licit_0054,0,bc1q_norm_ekumvlq28a3849ndd79xnm6r6eznkpus82,0.760982
tx_licit_0054,1,bc1q_norm_apyeq3qn4svm4ztdfdjcvu4ynuqfry9tkh,0.190807
tx_licit_0055,0,bc1q_norm_qf40ctmux3v8ljeacc6j4jwdruu857msn6,2.652631
tx_licit_0055,1,bc1q_norm_mywmrjukwrh98nsjn93a9ck58qq3fkf7fw,0.798457
tx_licit_0056,0,bc1q_norm_7csesu930kzdnsnsy7055pl7qs6mr4uy40,3.073091
tx_licit_0056,1,bc1q_norm_h32fc93yulyzp92shnx6lnh3dcpvcqayuk,0.987126
tx_licit_0057,0,bc1q_norm_shssgxlnmvn53ga92jag2u3vvmjgktwgtn,0.21175
tx_licit_0057,1,bc1q_norm_d5x3u34rtklkc4dpsvrymdl7p84vdsltvz,0.409973
tx_licit_0058,0,bc1q_norm_qf40ctmux3v8ljeacc6j4jwdruu857msn6,0.88134
tx_licit_0058,1,bc1q_norm_y2hephx33m39nkczjgm4qvnsr7g8cgf4fp,0.30281
tx_licit_0059,0,bc1q_norm_py544k9mq7n9hwv3f90sn9rkf03wwkul55,0.887862
tx_licit_0059,1,bc1q_norm_v23nxzrf4nvgqw2tad5jlt63vm8x5g990t,0.283003
tx_licit_0060,0,bc1q_norm_e6ust6gfp8gargkathudyzgaejyut59nvk,3.063991
tx_licit_0060,1,bc1q_norm_c97ywcnexg98k9lwe8zj324ntf3ezjzv0r,0.269347
tx_licit_0061,0,bc1q_norm_n098rpw3f07j07nk8lt0tqc5yc34vmtrkz,3.283201
tx_licit_0061,1,bc1q_norm_lqvse0dsvyfrkm88f0cpe6g5m0el0n5g2e,0.96587
tx_licit_0062,0,bc1q_norm_7csesu930kzdnsnsy7055pl7qs6mr4uy40,1.159572
tx_licit_0062,1,bc1q_norm_ch524wcqj68ggj6dafcmtn34parpxvcl5d,0.354753
tx_licit_0063,0,bc1q_norm_h7e2ez9tgfyzkq5aylkr2ljv6y36mp84w8,2.67762
tx_licit_0063,1,bc1q_norm_d5x3u34rtklkc4dpsvrymdl7p84vdsltvz,0.38821
tx_licit_0064,0,bc1q_norm_fr9vu3w8gme0v67tcwq90y3rhsqnht38qa,3.274916
tx_licit_0064,1,bc1q_norm_ch524wcqj68ggj6dafcmtn34parpxvcl5d,0.621229
tx_licit_0065,0,bc1q_norm_shssgxlnmvn53ga92jag2u3vvmjgktwgtn,0.937777
tx_licit_0065,1,bc1q_norm_h32fc93yulyzp92shnx6lnh3dcpvcqayuk,0.839433
tx_licit_0066,0,bc1q_norm_d3pccvraafea5fypwmak0aflngg7hwt63j,3.466616
tx_licit_0066,1,bc1q_norm_shssgxlnmvn53ga92jag2u3vvmjgktwgtn,0.961513
tx_licit_0067,0,bc1q_norm_3ss5hk9vf7kr7azngj48cl883n8wv38p75,0.081538
tx_licit_0067,1,bc1q_norm_t807cvy9nezky4z6y94frcmjel9q0xkrrp,0.55516
tx_licit_0068,0,bc1q_norm_qf40ctmux3v8ljeacc6j4jwdruu857msn6,1.469118
tx_licit_0068,1,bc1q_norm_ch524wcqj68ggj6dafcmtn34parpxvcl5d,0.115054
tx_licit_0069,0,bc1q_norm_mmfljx7q8epacs3gzz379xwwd6uqmzn0ua,0.563696
tx_licit_0069,1,bc1q_norm_qf40ctmux3v8ljeacc6j4jwdruu857msn6,0.272739
tx_licit_0070,0,bc1q_norm_ch524wcqj68ggj6dafcmtn34parpxvcl5d,3.466304
tx_licit_0070,1,bc1q_norm_7csesu930kzdnsnsy7055pl7qs6mr4uy40,0.303272
tx_licit_0071,0,bc1q_norm_77vc5w0v5596p00t8c62rjrhsj4jy2tvjg,2.246781
tx_licit_0071,1,bc1q_norm_pk9n4fgyw9j6xvanm5sksj0c0xwua2wy3h,0.732561
tx_licit_0072,0,bc1q_norm_7csesu930kzdnsnsy7055pl7qs6mr4uy40,3.159392
tx_licit_0072,1,bc1q_norm_lqvse0dsvyfrkm88f0cpe6g5m0el0n5g2e,0.723059
tx_licit_0073,0,bc1q_norm_h32fc93yulyzp92shnx6lnh3dcpvcqayuk,3.367069
tx_licit_0073,1,bc1q_norm_ekumvlq28a3849ndd79xnm6r6eznkpus82,0.628332
tx_licit_0074,0,bc1q_norm_h32fc93yulyzp92shnx6lnh3dcpvcqayuk,2.656852
tx_licit_0074,1,bc1q_norm_v23nxzrf4nvgqw2tad5jlt63vm8x5g990t,0.225956
tx_licit_0075,0,bc1q_norm_gcczejzpkf7dsns7kxgq4zm86kk3zxg4uh,3.392776
tx_licit_0075,1,bc1q_norm_prpunwnaglr3ar65kzjxu9uhtrc4y5yvrz,0.393739
tx_licit_0076,0,bc1q_norm_ytdt0kgppluy480wkx83uxaf5yah4w5gpr,2.394947
tx_licit_0076,1,bc1q_norm_d3pccvraafea5fypwmak0aflngg7hwt63j,0.694605
tx_licit_0077,0,bc1q_norm_awtvw784swfm5xvztw0rcxtvt9t4vv8uga,1.14254
tx_licit_0077,1,bc1q_norm_wp6gdlnf9v7eh8llzazp9lpr2mhwatmdnm,0.195896
tx_licit_0078,0,bc1q_norm_yfr5f4hfy2dgyv4pkzde74vgpnm0t85l3s,1.963853
tx_licit_0078,1,bc1q_norm_ch524wcqj68ggj6dafcmtn34parpxvcl5d,0.46724
tx_licit_0079,0,bc1q_norm_s2rqtepuzh2jlvvgjgrfn5hzcqnvvvecqs,2.550711
tx_licit_0079,1,bc1q_norm_xlhtt74ffgrpz4ecv87gf98xgvk2zuzxv6,0.603583
tx_licit_0080,0,bc1q_norm_d5x3u34rtklkc4dpsvrymdl7p84vdsltvz,0.268272
tx_licit_0080,1,bc1q_norm_awtvw784swfm5xvztw0rcxtvt9t4vv8uga,0.491209
tx_licit_0081,0,bc1q_norm_e6ust6gfp8gargkathudyzgaejyut59nvk,1.629623
tx_licit_0081,1,bc1q_norm_ncusp8708hv3fn7qh8n0ss4f6yj28vgtpz,0.221941
tx_licit_0082,0,bc1q_norm_e6ust6gfp8gargkathudyzgaejyut59nvk,1.086502
tx_licit_0082,1,bc1q_norm_py544k9mq7n9hwv3f90sn9rkf03wwkul55,0.64289
tx_licit_0083,0,bc1q_norm_7csesu930kzdnsnsy7055pl7qs6mr4uy40,1.347391
tx_licit_0083,1,bc1q_norm_h32fc93yulyzp92shnx6lnh3dcpvcqayuk,0.834845
tx_licit_0084,0,bc1q_norm_ekumvlq28a3849ndd79xnm6r6eznkpus82,3.303263
tx_licit_0084,1,bc1q_norm_77vc5w0v5596p00t8c62rjrhsj4jy2tvjg,0.288684
tx_licit_0085,0,bc1q_norm_fr9vu3w8gme0v67tcwq90y3rhsqnht38qa,2.517566
tx_licit_0085,1,bc1q_norm_awtvw784swfm5xvztw0rcxtvt9t4vv8uga,0.810169
tx_licit_0086,0,bc1q_norm_qf40ctmux3v8ljeacc6j4jwdruu857msn6,2.777987
tx_licit_0086,1,bc1q_norm_c97ywcnexg98k9lwe8zj324ntf3ezjzv0r,0.423577
tx_licit_0087,0,bc1q_norm_c97ywcnexg98k9lwe8zj324ntf3ezjzv0r,3.443448
tx_licit_0087,1,bc1q_norm_yqemyaetupurpjnfdd67yh853v4suw2cs5,0.709725
tx_licit_0088,0,bc1q_norm_umn0xu96qac0vle5n0r7fcdrsl326mp9ph,1.975077
tx_licit_0088,1,bc1q_norm_qf40ctmux3v8ljeacc6j4jwdruu857msn6,0.718898
tx_licit_0089,0,bc1q_norm_y2hephx33m39nkczjgm4qvnsr7g8cgf4fp,1.069241
tx_licit_0089,1,bc1q_norm_mmfljx7q8epacs3gzz379xwwd6uqmzn0ua,0.928493
tx_licit_0090,0,bc1q_norm_g9s4faphp2em0a759c0r6eqjut3v20xvll,1.251636
tx_licit_0090,1,bc1q_norm_y2hephx33m39nkczjgm4qvnsr7g8cgf4fp,0.187861
tx_licit_0091,0,bc1q_norm_ekumvlq28a3849ndd79xnm6r6eznkpus82,2.285496
tx_licit_0091,1,bc1q_norm_qj9uz8kexjwv9tfxjuaalzh5kdkkgc7ql8,0.709425
tx_licit_0092,0,bc1q_norm_77vc5w0v5596p00t8c62rjrhsj4jy2tvjg,2.802257
tx_licit_0092,1,bc1q_norm_lqvse0dsvyfrkm88f0cpe6g5m0el0n5g2e,0.666784
tx_licit_0093,0,bc1q_norm_yqemyaetupurpjnfdd67yh853v4suw2cs5,1.391483
tx_licit_0093,1,bc1q_norm_prpunwnaglr3ar65kzjxu9uhtrc4y5yvrz,0.734262
tx_licit_0094,0,bc1q_norm_s2rqtepuzh2jlvvgjgrfn5hzcqnvvvecqs,0.729906
tx_licit_0094,1,bc1q_norm_h32fc93yulyzp92shnx6lnh3dcpvcqayuk,0.202559
tx_licit_0095,0,bc1q_norm_qj9uz8kexjwv9tfxjuaalzh5kdkkgc7ql8,2.967036
tx_licit_0095,1,bc1q_norm_s2rqtepuzh2jlvvgjgrfn5hzcqnvvvecqs,0.655626
tx_licit_0096,0,bc1q_norm_ncusp8708hv3fn7qh8n0ss4f6yj28vgtpz,2.442356
tx_licit_0096,1,bc1q_norm_v23nxzrf4nvgqw2tad5jlt63vm8x5g990t,0.559742
tx_licit_0097,0,bc1q_norm_shssgxlnmvn53ga92jag2u3vvmjgktwgtn,1.739265
tx_licit_0097,1,bc1q_norm_t807cvy9nezky4z6y94frcmjel9q0xkrrp,0.226267
tx_licit_0098,0,bc1q_norm_v23nxzrf4nvgqw2tad5jlt63vm8x5g990t,1.793761
tx_licit_0098,1,bc1q_norm_ch524wcqj68ggj6dafcmtn34parpxvcl5d,0.545473
tx_licit_0099,0,bc1q_norm_7csesu930kzdnsnsy7055pl7qs6mr4uy40,0.162798
tx_licit_0099,1,bc1q_norm_p6630gma8qqgpxtnpxfknxu36arla4qqyj,0.302359
tx_licit_0100,0,bc1q_norm_mmfljx7q8epacs3gzz379xwwd6uqmzn0ua,2.72414
tx_licit_0100,1,bc1q_norm_lhjfrcq99474ks67hrzja47860k9zkq5vh,0.840955
tx_licit_0101,0,bc1q_norm_apyeq3qn4svm4ztdfdjcvu4ynuqfry9tkh,3.068094
tx_licit_0101,1,bc1q_norm_h32fc93yulyzp92shnx6lnh3dcpvcqayuk,0.129007
tx_licit_0102,0,bc1q_norm_yqemyaetupurpjnfdd67yh853v4suw2cs5,3.020618
tx_licit_0102,1,bc1q_norm_qj9uz8kexjwv9tfxjuaalzh5kdkkgc7ql8,0.649236
tx_licit_0103,0,bc1q_norm_fr9vu3w8gme0v67tcwq90y3rhsqnht38qa,0.630902
tx_licit_0103,1,bc1q_norm_shssgxlnmvn53ga92jag2u3vvmjgktwgtn,0.9811
tx_licit_0104,0,bc1q_norm_lhjfrcq99474ks67hrzja47860k9zkq5vh,2.469922
tx_licit_0104,1,bc1q_norm_awtvw784swfm5xvztw0rcxtvt9t4vv8uga,0.219422
tx_licit_0105,0,bc1q_norm_prpunwnaglr3ar65kzjxu9uhtrc4y5yvrz,1.609371
tx_licit_0105,1,bc1q_norm_v23nxzrf4nvgqw2tad5jlt63vm8x5g990t,0.670265
tx_licit_0106,0,bc1q_norm_n098rpw3f07j07nk8lt0tqc5yc34vmtrkz,2.571715
tx_licit_0106,1,bc1q_norm_h7e2ez9tgfyzkq5aylkr2ljv6y36mp84w8,0.512604
tx_licit_0107,0,bc1q_norm_mywmrjukwrh98nsjn93a9ck58qq3fkf7fw,2.895724
tx_licit_0107,1,bc1q_norm_yfr5f4hfy2dgyv4pkzde74vgpnm0t85l3s,0.545243
tx_licit_0108,0,bc1q_norm_pk9n4fgyw9j6xvanm5sksj0c0xwua2wy3h,0.393533
tx_licit_0108,1,bc1q_norm_c97ywcnexg98k9lwe8zj324ntf3ezjzv0r,0.805501
tx_licit_0109,0,bc1q_norm_py544k9mq7n9hwv3f90sn9rkf03wwkul55,0.598472
tx_licit_0109,1,bc1q_norm_h32fc93yulyzp92shnx6lnh3dcpvcqayuk,0.939453
tx_licit_0110,0,bc1q_norm_wp6gdlnf9v7eh8llzazp9lpr2mhwatmdnm,2.55466
tx_licit_0110,1,bc1q_norm_p6630gma8qqgpxtnpxfknxu36arla4qqyj,0.779709
tx_licit_0111,0,bc1q_norm_lqvse0dsvyfrkm88f0cpe6g5m0el0n5g2e,0.318889
tx_licit_0111,1,bc1q_norm_d5x3u34rtklkc4dpsvrymdl7p84vdsltvz,0.634312
tx_licit_0112,0,bc1q_norm_y2hephx33m39nkczjgm4qvnsr7g8cgf4fp,0.839867
tx_licit_0112,1,bc1q_norm_3ss5hk9vf7kr7azngj48cl883n8wv38p75,0.180398
tx_licit_0113,0,bc1q_norm_3ss5hk9vf7kr7azngj48cl883n8wv38p75,1.993355
tx_licit_0113,1,bc1q_norm_qf40ctmux3v8ljeacc6j4jwdruu857msn6,0.649287
tx_licit_0114,0,bc1q_norm_xlhtt74ffgrpz4ecv87gf98xgvk2zuzxv6,0.533045
tx_licit_0114,1,bc1q_norm_mmfljx7q8epacs3gzz379xwwd6uqmzn0ua,0.210842
tx_licit_0115,0,bc1q_norm_shssgxlnmvn53ga92jag2u3vvmjgktwgtn,2.737445
tx_licit_0115,1,bc1q_norm_vlhg62yhue3n25laz4smt8jggvzammry77,0.721428
tx_licit_0116,0,bc1q_norm_d5x3u34rtklkc4dpsvrymdl7p84vdsltvz,0.438966
tx_licit_0116,1,bc1q_norm_v23nxzrf4nvgqw2tad5jlt63vm8x5g990t,0.549624
tx_licit_0117,0,bc1q_norm_wp6gdlnf9v7eh8llzazp9lpr2mhwatmdnm,1.934929
tx_licit_0117,1,bc1q_norm_qj9uz8kexjwv9tfxjuaalzh5kdkkgc7ql8,0.255493
tx_licit_0118,0,bc1q_norm_n098rpw3f07j07nk8lt0tqc5yc34vmtrkz,0.794313
tx_licit_0118,1,bc1q_norm_lhjfrcq99474ks67hrzja47860k9zkq5vh,0.930321
tx_licit_0119,0,bc1q_norm_qf40ctmux3v8ljeacc6j4jwdruu857msn6,2.175362
tx_licit_0119,1,bc1q_norm_shssgxlnmvn53ga92jag2u3vvmjgktwgtn,0.349721
tx_licit_0120,0,bc1q_norm_3ss5hk9vf7kr7azngj48cl883n8wv38p75,2.460432
tx_licit_0120,1,bc1q_norm_p6630gma8qqgpxtnpxfknxu36arla4qqyj,0.756963
tx_licit_0121,0,bc1q_norm_p6630gma8qqgpxtnpxfknxu36arla4qqyj,0.462078
tx_licit_0121,1,bc1q_norm_ncusp8708hv3fn7qh8n0ss4f6yj28vgtpz,0.737111
tx_licit_0122,0,bc1q_norm_s2rqtepuzh2jlvvgjgrfn5hzcqnvvvecqs,2.636729
tx_licit_0122,1,bc1q_norm_py544k9mq7n9hwv3f90sn9rkf03wwkul55,0.886114
tx_licit_0123,0,bc1q_norm_ch524wcqj68ggj6dafcmtn34parpxvcl5d,1.761709
tx_licit_0123,1,bc1q_norm_3ss5hk9vf7kr7azngj48cl883n8wv38p75,0.559704
tx_licit_0124,0,bc1q_norm_mmfljx7q8epacs3gzz379xwwd6uqmzn0ua,2.605691
tx_licit_0124,1,bc1q_norm_7csesu930kzdnsnsy7055pl7qs6mr4uy40,0.102312
tx_licit_0125,0,bc1q_norm_awtvw784swfm5xvztw0rcxtvt9t4vv8uga,3.262502
tx_licit_0125,1,bc1q_norm_ncusp8708hv3fn7qh8n0ss4f6yj28vgtpz,0.871737
tx_licit_0126,0,bc1q_norm_fr9vu3w8gme0v67tcwq90y3rhsqnht38qa,2.021799
tx_licit_0126,1,bc1q_norm_3ss5hk9vf7kr7azngj48cl883n8wv38p75,0.207461
tx_licit_0127,0,bc1q_norm_p6630gma8qqgpxtnpxfknxu36arla4qqyj,0.34803
tx_licit_0127,1,bc1q_norm_gcczejzpkf7dsns7kxgq4zm86kk3zxg4uh,0.511072
tx_licit_0128,0,bc1q_norm_ncusp8708hv3fn7qh8n0ss4f6yj28vgtpz,2.673664
tx_licit_0128,1,bc1q_norm_shssgxlnmvn53ga92jag2u3vvmjgktwgtn,0.320614
tx_licit_0129,0,bc1q_norm_n098rpw3f07j07nk8lt0tqc5yc34vmtrkz,0.055044
tx_licit_0129,1,bc1q_norm_qj9uz8kexjwv9tfxjuaalzh5kdkkgc7ql8,0.691573
tx_licit_0130,0,bc1q_norm_xlhtt74ffgrpz4ecv87gf98xgvk2zuzxv6,3.228397
tx_licit_0130,1,bc1q_norm_c97ywcnexg98k9lwe8zj324ntf3ezjzv0r,0.907559
tx_licit_0131,0,bc1q_norm_py544k9mq7n9hwv3f90sn9rkf03wwkul55,0.308165
tx_licit_0131,1,bc1q_norm_wp6gdlnf9v7eh8llzazp9lpr2mhwatmdnm,0.611039
tx_licit_0132,0,bc1q_norm_p6630gma8qqgpxtnpxfknxu36arla4qqyj,1.612015
tx_licit_0132,1,bc1q_norm_h32fc93yulyzp92shnx6lnh3dcpvcqayuk,0.31025
tx_licit_0133,0,bc1q_norm_77vc5w0v5596p00t8c62rjrhsj4jy2tvjg,1.452468
tx_licit_0133,1,bc1q_norm_p6630gma8qqgpxtnpxfknxu36arla4qqyj,0.582332
tx_licit_0134,0,bc1q_norm_c97ywcnexg98k9lwe8zj324ntf3ezjzv0r,2.93394
tx_licit_0134,1,bc1q_norm_lqvse0dsvyfrkm88f0cpe6g5m0el0n5g2e,0.395014
tx_licit_0135,0,bc1q_norm_d3pccvraafea5fypwmak0aflngg7hwt63j,3.334733
tx_licit_0135,1,bc1q_norm_ekumvlq28a3849ndd79xnm6r6eznkpus82,0.869141
tx_licit_0136,0,bc1q_norm_n098rpw3f07j07nk8lt0tqc5yc34vmtrkz,2.914785
tx_licit_0136,1,bc1q_norm_3ss5hk9vf7kr7azngj48cl883n8wv38p75,0.984311
tx_licit_0137,0,bc1q_norm_ekumvlq28a3849ndd79xnm6r6eznkpus82,0.732239
tx_licit_0137,1,bc1q_norm_h7e2ez9tgfyzkq5aylkr2ljv6y36mp84w8,0.681388
tx_licit_0138,0,bc1q_norm_ch524wcqj68ggj6dafcmtn34parpxvcl5d,2.884815
tx_licit_0138,1,bc1q_norm_ytdt0kgppluy480wkx83uxaf5yah4w5gpr,0.455499
tx_licit_0139,0,bc1q_norm_lhjfrcq99474ks67hrzja47860k9zkq5vh,3.097812
tx_licit_0139,1,bc1q_norm_77vc5w0v5596p00t8c62rjrhsj4jy2tvjg,0.131184
tx_licit_0140,0,bc1q_norm_pk9n4fgyw9j6xvanm5sksj0c0xwua2wy3h,1.015227
tx_licit_0140,1,bc1q_norm_h7e2ez9tgfyzkq5aylkr2ljv6y36mp84w8,0.223512
tx_licit_0141,0,bc1q_norm_v23nxzrf4nvgqw2tad5jlt63vm8x5g990t,1.704911
tx_licit_0141,1,bc1q_norm_qj9uz8kexjwv9tfxjuaalzh5kdkkgc7ql8,0.803292
tx_licit_0142,0,bc1q_norm_lqvse0dsvyfrkm88f0cpe6g5m0el0n5g2e,3.140388
tx_licit_0142,1,bc1q_norm_ekumvlq28a3849ndd79xnm6r6eznkpus82,0.800684
tx_licit_0143,0,bc1q_norm_apyeq3qn4svm4ztdfdjcvu4ynuqfry9tkh,0.969518
tx_licit_0143,1,bc1q_norm_fr9vu3w8gme0v67tcwq90y3rhsqnht38qa,0.834657
tx_licit_0144,0,bc1q_norm_apyeq3qn4svm4ztdfdjcvu4ynuqfry9tkh,1.147115
tx_licit_0144,1,bc1q_norm_e6ust6gfp8gargkathudyzgaejyut59nvk,0.764295
tx_licit_0145,0,bc1q_norm_ch524wcqj68ggj6dafcmtn34parpxvcl5d,1.992726
tx_licit_0145,1,bc1q_norm_awtvw784swfm5xvztw0rcxtvt9t4vv8uga,0.26941
tx_licit_0146,0,bc1q_norm_lqvse0dsvyfrkm88f0cpe6g5m0el0n5g2e,1.866247
tx_licit_0146,1,bc1q_norm_ekumvlq28a3849ndd79xnm6r6eznkpus82,0.100615
tx_licit_0147,0,bc1q_norm_yqemyaetupurpjnfdd67yh853v4suw2cs5,2.721564
tx_licit_0147,1,bc1q_norm_t807cvy9nezky4z6y94frcmjel9q0xkrrp,0.861833
tx_licit_0148,0,bc1q_norm_py544k9mq7n9hwv3f90sn9rkf03wwkul55,2.576614
tx_licit_0148,1,bc1q_norm_d3pccvraafea5fypwmak0aflngg7hwt63j,0.493182
tx_licit_0149,0,bc1q_norm_yqemyaetupurpjnfdd67yh853v4suw2cs5,1.355425
tx_licit_0149,1,bc1q_norm_d3pccvraafea5fypwmak0aflngg7hwt63j,0.760595
tx_illicit_peel_000,0,bc1q_norm_77vc5w0v5596p00t8c62rjrhsj4jy2tvjg,0.75
tx_illicit_peel_000,1,bc1q_peel_hop_00_3940erzwhek4,24.2498
tx_illicit_peel_001,0,bc1q_norm_y2hephx33m39nkczjgm4qvnsr7g8cgf4fp,0.75
tx_illicit_peel_001,1,bc1q_peel_hop_01_6477qrr9a82l,23.4996
tx_illicit_peel_002,0,bc1q_norm_pk9n4fgyw9j6xvanm5sksj0c0xwua2wy3h,0.75
tx_illicit_peel_002,1,bc1q_peel_hop_02_g9ul5q4ptfs8,22.7494
tx_illicit_peel_003,0,bc1q_norm_p6630gma8qqgpxtnpxfknxu36arla4qqyj,0.75
tx_illicit_peel_003,1,bc1q_peel_hop_03_fzfznu9xx3ee,21.9992
tx_illicit_peel_004,0,bc1q_norm_h32fc93yulyzp92shnx6lnh3dcpvcqayuk,0.75
tx_illicit_peel_004,1,bc1q_peel_hop_04_6empeewq2h9d,21.249
tx_illicit_peel_005,0,bc1q_norm_ncusp8708hv3fn7qh8n0ss4f6yj28vgtpz,0.75
tx_illicit_peel_005,1,bc1q_peel_hop_05_qesjl6w7222d,20.4988
tx_illicit_peel_006,0,bc1q_norm_yqemyaetupurpjnfdd67yh853v4suw2cs5,0.75
tx_illicit_peel_006,1,bc1q_peel_hop_06_87njvyph56t8,19.7486
tx_illicit_peel_007,0,bc1q_norm_p6630gma8qqgpxtnpxfknxu36arla4qqyj,0.75
tx_illicit_peel_007,1,bc1q_peel_hop_07_c9nyn7j82vte,18.9984
tx_illicit_dust_000,0,bc1q_norm_ekumvlq28a3849ndd79xnm6r6eznkpus82,5.46e-05
tx_illicit_dust_001,0,bc1q_norm_lhjfrcq99474ks67hrzja47860k9zkq5vh,5.46e-05
tx_illicit_dust_002,0,bc1q_norm_wp6gdlnf9v7eh8llzazp9lpr2mhwatmdnm,5.46e-05
tx_illicit_dust_003,0,bc1q_norm_s2rqtepuzh2jlvvgjgrfn5hzcqnvvvecqs,5.46e-05
tx_illicit_dust_004,0,bc1q_norm_ch524wcqj68ggj6dafcmtn34parpxvcl5d,5.46e-05
tx_illicit_dust_005,0,bc1q_norm_ncusp8708hv3fn7qh8n0ss4f6yj28vgtpz,5.46e-05
tx_illicit_dust_006,0,bc1q_norm_lqvse0dsvyfrkm88f0cpe6g5m0el0n5g2e,5.46e-05
tx_illicit_dust_007,0,bc1q_norm_77vc5w0v5596p00t8c62rjrhsj4jy2tvjg,5.46e-05
tx_illicit_dust_008,0,bc1q_norm_d5x3u34rtklkc4dpsvrymdl7p84vdsltvz,5.46e-05
tx_illicit_dust_009,0,bc1q_norm_t807cvy9nezky4z6y94frcmjel9q0xkrrp,5.46e-05
tx_illicit_dust_010,0,bc1q_norm_d3pccvraafea5fypwmak0aflngg7hwt63j,5.46e-05
tx_illicit_dust_011,0,bc1q_norm_h7e2ez9tgfyzkq5aylkr2ljv6y36mp84w8,5.46e-05
tx_illicit_dust_012,0,bc1q_norm_py544k9mq7n9hwv3f90sn9rkf03wwkul55,5.46e-05
tx_illicit_dust_013,0,bc1q_norm_qf40ctmux3v8ljeacc6j4jwdruu857msn6,5.46e-05
tx_illicit_dust_014,0,bc1q_norm_h32fc93yulyzp92shnx6lnh3dcpvcqayuk,5.46e-05
tx_illicit_dust_015,0,bc1q_norm_lqvse0dsvyfrkm88f0cpe6g5m0el0n5g2e,5.46e-05
tx_illicit_dust_016,0,bc1q_norm_lqvse0dsvyfrkm88f0cpe6g5m0el0n5g2e,5.46e-05
tx_illicit_dust_017,0,bc1q_norm_wp6gdlnf9v7eh8llzazp9lpr2mhwatmdnm,5.46e-05
tx_illicit_dust_018,0,bc1q_norm_qj9uz8kexjwv9tfxjuaalzh5kdkkgc7ql8,5.46e-05
tx_illicit_dust_019,0,bc1q_norm_ch524wcqj68ggj6dafcmtn34parpxvcl5d,5.46e-05
tx_illicit_dispersal_001,0,bc1q_disp_sink_00_zc2g7sl6ts,0.2
tx_illicit_dispersal_001,1,bc1q_disp_sink_01_gjjfp5zhs6,0.2
tx_illicit_dispersal_001,2,bc1q_disp_sink_02_q7p0f4jmqf,0.2
tx_illicit_dispersal_001,3,bc1q_disp_sink_03_s3rwngz92u,0.2
tx_illicit_dispersal_001,4,bc1q_disp_sink_04_fw65rzv4xh,0.2
tx_illicit_dispersal_001,5,bc1q_disp_sink_05_qmfrhpn5uw,0.2
tx_illicit_dispersal_001,6,bc1q_disp_sink_06_e2kutynwkn,0.2
tx_illicit_dispersal_001,7,bc1q_disp_sink_07_f974v7u7cs,0.2
tx_illicit_dispersal_001,8,bc1q_disp_sink_08_wfmq8ecat5,0.2
tx_illicit_dispersal_001,9,bc1q_disp_sink_09_qpwkwf04e2,0.2
tx_illicit_dispersal_001,10,bc1q_disp_sink_10_ftpy2r7vvg,0.2
tx_illicit_dispersal_001,11,bc1q_disp_sink_11_xmsnuatk3q,0.2
tx_illicit_dispersal_001,12,bc1q_disp_sink_12_2wet49r0js,0.2
tx_illicit_dispersal_001,13,bc1q_disp_sink_13_p0q23693ux,0.2
tx_illicit_dispersal_001,14,bc1q_disp_sink_14_rtvanawyvn,0.2
tx_illicit_dispersal_001,15,bc1q_disp_sink_15_zkn3p97lyd,0.2
tx_illicit_dispersal_001,16,bc1q_disp_sink_16_sh4n39uw7r,0.2
tx_illicit_dispersal_001,17,bc1q_disp_sink_17_8yzps56llv,0.2
tx_illicit_dispersal_001,18,bc1q_disp_sink_18_elw39z8eud,0.2
tx_illicit_dispersal_001,19,bc1q_disp_sink_19_5jw56xjezn,0.2
tx_illicit_dispersal_001,20,bc1q_disp_sink_20_xpum6wmwks,0.2
tx_illicit_dispersal_001,21,bc1q_disp_sink_21_3mk90r0jje,0.2
tx_illicit_dispersal_001,22,bc1q_disp_sink_22_48ty4jttmp,0.2
tx_illicit_dispersal_001,23,bc1q_disp_sink_23_j7tjqmpdnz,0.2
tx_illicit_dispersal_001,24,bc1q_disp_sink_24_c4j9kt9geh,0.2
tx_illicit_zerofee_collusion_001,0,bc1q_offshore_vault_destination_999999,50.0
