txid,timestamp,fee,size
tx_licit_0000,2026-03-01T08:01:13Z,0.0001,229
tx_licit_0001,2026-03-01T08:02:16Z,0.0001,253
tx_licit_0002,2026-03-01T08:03:26Z,0.0001,224
tx_licit_0003,2026-03-01T08:03:41Z,0.0001,249
tx_licit_0004,2026-03-01T08:04:49Z,0.0001,222
tx_licit_0005,2026-03-01T08:05:31Z,0.0001,241
tx_licit_0006,2026-03-01T08:06:37Z,0.0001,253
tx_licit_0007,2026-03-01T08:07:10Z,0.0001,238
tx_licit_0008,2026-03-01T08:08:17Z,0.0001,223
tx_licit_0009,2026-03-01T08:08:47Z,0.0001,243
tx_licit_0010,2026-03-01T08:09:54Z,0.0001,253
tx_licit_0011,2026-03-01T08:10:27Z,0.0001,236
tx_licit_0012,2026-03-01T08:10:52Z,0.0001,225
tx_licit_0013,2026-03-01T08:12:11Z,0.0001,260
tx_licit_0014,2026-03-01T08:12:38Z,0.0001,249
tx_licit_0015,2026-03-01T08:13:38Z,0.0001,224
tx_licit_0016,2026-03-01T08:14:54Z,0.0001,228
tx_licit_0017,2026-03-01T08:15:42Z,0.0001,253
tx_licit_0018,2026-03-01T08:16:27Z,0.0001,257
tx_licit_0019,2026-03-01T08:16:40Z,0.0001,256
tx_licit_0020,2026-03-01T08:17:27Z,0.0001,239
tx_licit_0021,2026-03-01T08:17:44Z,0.0001,258
tx_licit_0022,2026-03-01T08:18:41Z,0.0001,237
tx_licit_0023,2026-03-01T08:20:09Z,0.0001,240
tx_licit_0024,2026-03-01T08:20:58Z,0.0001,235
tx_licit_0025,2026-03-01T08:22:24Z,0.0001,228
tx_licit_0026,2026-03-01T08:22:40Z,0.0001,244
tx_licit_0027,2026-03-01T08:24:08Z,0.0001,241
tx_licit_0028,2026-03-01T08:25:09Z,0.0001,250
tx_licit_0029,2026-03-01T08:26:37Z,0.0001,239
tx_licit_0030,2026-03-01T08:27:59Z,0.0001,246
tx_licit_0031,2026-03-01T08:29:23Z,0.0001,260
tx_licit_0032,2026-03-01T08:29:37Z,0.0001,229
tx_licit_0033,2026-03-01T08:29:54Z,0.0001,250
tx_licit_0034,2026-03-01T08:31:13Z,0.0001,255
tx_licit_0035,2026-03-01T08:32:25Z,0.0001,237
tx_licit_0036,2026-03-01T08:33:19Z,0.0001,242
tx_licit_0037,2026-03-01T08:34:37Z,0.0001,257
tx_licit_0038,2026-03-01T08:34:53Z,0.0001,228
tx_licit_0039,2026-03-01T08:36:03Z,0.0001,225
tx_licit_0040,2026-03-01T08:36:35Z,0.0001,238
tx_licit_0041,2026-03-01T08:37:23Z,0.0001,249
tx_licit_0042,2026-03-01T08:38:07Z,0.0001,236
tx_licit_0043,2026-03-01T08:38:41Z,0.0001,226
tx_licit_0044,2026-03-01T08:39:24Z,0.0001,239
tx_licit_0045,2026-03-01T08:40:04Z,0.0001,252
tx_licit_0046,2026-03-01T08:40:42Z,0.0001,258
tx_licit_0047,2026-03-01T08:41:19Z,0.0001,243
tx_licit_0048,2026-03-01T08:42:33Z,0.0001,253
tx_licit_0049,2026-03-01T08:43:48Z,0.0001,256
tx_licit_0050,2026-03-01T08:43:58Z,0.0001,224
tx_licit_0051,2026-03-01T08:45:00Z,0.0001,248
tx_licit_0052,2026-03-01T08:46:19Z,0.0001,253
tx_licit_0053,2026-03-01T08:47:28Z,0.0001,249
tx_licit_0054,2026-03-01T08:48:31Z,0.0001,222
tx_licit_0055,2026-03-01T08:49:37Z,0.0001,228
tx_licit_0056,2026-03-01T08:51:03Z,0.0001,253
tx_licit_0057,2026-03-01T08:51:35Z,0.0001,244
tx_licit_0058,2026-03-01T08:52:33Z,0.0001,229
tx_licit_0059,2026-03-01T08:53:54Z,0.0001,225
tx_licit_0060,2026-03-01T08:54:38Z,0.0001,257
tx_licit_0061,2026-03-01T08:55:30Z,0.0001,227
tx_licit_0062,2026-03-01T08:56:06Z,0.0001,249
tx_licit_0063,2026-03-01T08:57:19Z,0.0001,233
tx_licit_0064,2026-03-01T08:57:47Z,0.0001,246
tx_licit_0065,2026-03-01T08:58:28Z,0.0001,251
tx_licit_0066,2026-03-01T08:59:47Z,0.0001,253
tx_licit_0067,2026-03-01T09:00:14Z,0.0001,243
tx_licit_0068,2026-03-01T09:00:26Z,0.0001,237
tx_licit_0069,2026-03-01T09:00:58Z,0.0001,253
tx_licit_0070,2026-03-01T09:01:59Z,0.0001,225
tx_licit_0071,2026-03-01T09:02:57Z,0.0001,225
tx_licit_0072,2026-03-01T09:04:14Z,0.0001,256
tx_licit_0073,2026-03-01T09:04:28Z,0.0001,245
tx_licit_0074,2026-03-01T09:05:27Z,0.0001,225
tx_licit_0075,2026-03-01T09:06:06Z,0.0001,260
tx_licit_0076,2026-03-01T09:07:26Z,0.0001,225
tx_licit_0077,2026-03-01T09:07:55Z,0.0001,220
tx_licit_0078,2026-03-01T09:08:28Z,0.0001,221
tx_licit_0079,2026-03-01T09:09:15Z,0.0001,235
tx_licit_0080,2026-03-01T09:10:03Z,0.0001,246
tx_licit_0081,2026-03-01T09:11:33Z,0.0001,220
tx_licit_0082,2026-03-01T09:12:25Z,0.0001,232
tx_licit_0083,2026-03-01T09:13:37Z,0.0001,245
tx_licit_0084,2026-03-01T09:14:10Z,0.0001,238
tx_licit_0085,2026-03-01T09:14:58Z,0.0001,224
tx_licit_0086,2026-03-01T09:16:12Z,0.0001,254
tx_licit_0087,2026-03-01T09:17:07Z,0.0001,245
tx_licit_0088,2026-03-01T09:17:50Z,0.0001,234
tx_licit_0089,2026-03-01T09:18:44Z,0.0001,225
tx_licit_0090,2026-03-01T09:19:52Z,0.0001,248
tx_licit_0091,2026-03-01T09:20:07Z,0.0001,230
tx_licit_0092,2026-03-01T09:21:28Z,0.0001,231
tx_licit_0093,2026-03-01T09:22:03Z,0.0001,233
tx_licit_0094,2026-03-01T09:23:21Z,0.0001,251
tx_licit_0095,2026-03-01T09:24:46Z,0.0001,239
tx_licit_0096,2026-03-01T09:25:35Z,0.0001,246
tx_licit_0097,2026-03-01T09:26:53Z,0.0001,240
tx_licit_0098,2026-03-01T09:27:20Z,0.0001,251
tx_licit_0099,2026-03-01T09:28:42Z,0.0001,238
tx_licit_0100,2026-03-01T09:29:06Z,0.0001,243
tx_licit_0101,2026-03-01T09:30:10Z,0.0001,236
tx_licit_0102,2026-03-01T09:30:50Z,0.0001,247
tx_licit_0103,2026-03-01T09:31:44Z,0.0001,238
tx_licit_0104,2026-03-01T09:32:46Z,0.0001,229
tx_licit_0105,2026-03-01T09:34:09Z,0.0001,225
tx_licit_0106,2026-03-01T09:35:00Z,0.0001,242
tx_licit_0107,2026-03-01T09:36:18Z,0.0001,240
tx_licit_0108,2026-03-01T09:37:30Z,0.0001,249
tx_licit_0109,2026-03-01T09:38:34Z,0.0001,237
tx_licit_0110,2026-03-01T09:39:05Z,0.0001,247
tx_licit_0111,2026-03-01T09:39:27Z,0.0001,253
tx_licit_0112,2026-03-01T09:40:31Z,0.0001,226
tx_licit_0113,2026-03-01T09:40:58Z,0.0001,230
tx_licit_0114,2026-03-01T09:42:04Z,0.0001,244
tx_licit_0115,2026-03-01T09:42:24Z,0.0001,239
tx_licit_0116,2026-03-01T09:42:40Z,0.0001,258
tx_licit_0117,2026-03-01T09:43:39Z,0.0001,250
tx_licit_0118,2026-03-01T09:45:04Z,0.0001,245
tx_licit_0119,2026-03-01T09:46:05Z,0.0001,239
tx_licit_0120,2026-03-01T09:47:05Z,0.0001,235
tx_licit_0121,2026-03-01T09:48:32Z,0.0001,220
tx_licit_0122,2026-03-01T09:49:15Z,0.0001,227
tx_licit_0123,2026-03-01T09:49:33Z,0.0001,223
tx_licit_0124,2026-03-01T09:49:56Z,0.0001,220
tx_licit_0125,2026-03-01T09:50:52Z,0.0001,255
tx_licit_0126,2026-03-01T09:51:55Z,0.0001,223
tx_licit_0127,2026-03-01T09:53:04Z,0.0001,243
tx_licit_0128,2026-03-01T09:54:29Z,0.0001,220
tx_licit_0129,2026-03-01T09:55:48Z,0.0001,239
tx_licit_0130,2026-03-01T09:56:16Z,0.0001,253
tx_licit_0131,2026-03-01T09:56:38Z,0.0001,247
tx_licit_0132,2026-03-01T09:57:28Z,0.0001,232
tx_licit_0133,2026-03-01T09:57:59Z,0.0001,233
tx_licit_0134,2026-03-01T09:58:47Z,0.0001,225
tx_licit_0135,2026-03-01T09:59:35Z,0.0001,255
tx_licit_0136,2026-03-01T10:00:02Z,0.0001,228
tx_licit_0137,2026-03-01T10:00:45Z,0.0001,228
tx_licit_0138,2026-03-01T10:01:01Z,0.0001,221
tx_licit_0139,2026-03-01T10:01:34Z,0.0001,259
tx_licit_0140,2026-03-01T10:02:54Z,0.0001,232
tx_licit_0141,2026-03-01T10:04:13Z,0.0001,242
tx_licit_0142,2026-03-01T10:05:03Z,0.0001,223
tx_licit_0143,2026-03-01T10:05:33Z,0.0001,223
tx_licit_0144,2026-03-01T10:06:05Z,0.0001,242
tx_licit_0145,2026-03-01T10:07:00Z,0.0001,251
tx_licit_0146,2026-03-01T10:07:39Z,0.0001,259
tx_licit_0147,2026-03-01T10:07:51Z,0.0001,243
tx_licit_0148,2026-03-01T10:08:39Z,0.0001,260
tx_licit_0149,2026-03-01T10:09:34Z,0.0001,238
tx_illicit_peel_000,2026-03-01T10:09:49Z,0.0002,225
tx_illicit_peel_001,2026-03-01T10:10:04Z,0.0002,225
tx_illicit_peel_002,2026-03-01T10:10:19Z,0.0002,225
tx_illicit_peel_003,2026-03-01T10:10:34Z,0.0002,225
tx_illicit_peel_004,2026-03-01T10:10:49Z,0.0002,225
tx_illicit_peel_005,2026-03-01T10:11:04Z,0.0002,225
tx_illicit_peel_006,2026-03-01T10:11:19Z,0.0002,225
tx_illicit_peel_007,2026-03-01T10:11:34Z,0.0002,225
tx_illicit_dust_000,2026-03-01T10:11:34Z,4e-07,180
tx_illicit_dust_001,2026-03-01T10:11:34Z,4e-07,180
tx_illicit_dust_002,2026-03-01T10:11:35Z,4e-07,180
tx_illicit_dust_003,2026-03-01T10:11:35Z,4e-07,180
tx_illicit_dust_004,2026-03-01T10:11:35Z,4e-07,180
tx_illicit_dust_005,2026-03-01T10:11:36Z,4e-07,180
tx_illicit_dust_006,2026-03-01T10:11:36Z,4e-07,180
tx_illicit_dust_007,2026-03-01T10:11:36Z,4e-07,180
tx_illicit_dust_008,2026-03-01T10:11:37Z,4e-07,180
tx_illicit_dust_009,2026-03-01T10:11:37Z,4e-07,180
tx_illicit_dust_010,2026-03-01T10:11:37Z,4e-07,180
tx_illicit_dust_011,2026-03-01T10:11:38Z,4e-07,180
tx_illicit_dust_012,2026-03-01T10:11:38Z,4e-07,180
tx_illicit_dust_013,2026-03-01T10:11:38Z,4e-07,180
tx_illicit_dust_014,2026-03-01T10:11:39Z,4e-07,180
tx_illicit_dust_015,2026-03-01T10:11:39Z,4e-07,180
tx_illicit_dust_016,2026-03-01T10:11:39Z,4e-07,180
tx_illicit_dust_017,2026-03-01T10:11:40Z,4e-07,180
tx_illicit_dust_018,2026-03-01T10:11:40Z,4e-07,180
tx_illicit_dust_019,2026-03-01T10:11:41Z,4e-07,180
tx_illicit_dispersal_001,2026-03-01T10:13:41Z,0.001,950
tx_illicit_zerofee_collusion_001,2026-03-01T10:18:41Z,0.0,225
