configuration,num_brains,meta_learner,threshold,f1,pr_auc,precision,recall,fp,p_at_100
Model A: Tx Only (3 brains),3,Calibrated Mean Ensemble,0.575,0.7141463414634146,0.7468584885097049,0.7569803516028956,0.6759002770083102,235,1.0
Model A: Tx Only (3 brains),3,Logistic Regression (Unregularized),0.25,0.7795938583457157,0.789324511932272,0.8408119658119658,0.7266851338873499,149,1.0
Model A: Tx Only (3 brains),3,L2-Regularized Meta-Stacker (C=0.01),0.525,0.7787610619469026,0.7799615812642197,0.8926014319809069,0.6906740535549399,90,1.0
Model A: Tx Only (3 brains),3,HistGradientBoosting Meta-Learner,0.05,0.8,0.7672124023813056,0.9838274932614556,0.6740535549399815,12,0.91
Model B: Tx + Wallet (6 brains),6,Calibrated Mean Ensemble,0.525,0.6119823080016084,0.7471434999691793,0.542022792022792,0.7026777469990766,643,1.0
Model B: Tx + Wallet (6 brains),6,Logistic Regression (Unregularized),0.32499999999999996,0.7867203219315896,0.7878096853687206,0.8640883977900552,0.7220683287165282,123,1.0
Model B: Tx + Wallet (6 brains),6,L2-Regularized Meta-Stacker (C=0.01),0.625,0.7929936305732485,0.7807843476502244,0.9325842696629213,0.6897506925207756,54,1.0
Model B: Tx + Wallet (6 brains),6,HistGradientBoosting Meta-Learner,0.05,0.8,0.7775142544373649,0.9838274932614556,0.6740535549399815,12,0.99
Model C: Tx + Network (6 brains),6,Calibrated Mean Ensemble,0.49999999999999994,0.7498741821841973,0.7535628689008003,0.8241150442477876,0.6879039704524469,159,1.0
Model C: Tx + Network (6 brains),6,Logistic Regression (Unregularized),0.3,0.7884906612821807,0.7891665811844695,0.8697104677060133,0.7211449676823638,117,1.0
Model C: Tx + Network (6 brains),6,L2-Regularized Meta-Stacker (C=0.01),0.525,0.797071129707113,0.7822914599660725,0.9191797346200241,0.703601108033241,67,1.0
Model C: Tx + Network (6 brains),6,HistGradientBoosting Meta-Learner,0.05,0.8,0.7687142942983457,0.9838274932614556,0.6740535549399815,12,0.9
Model D: Full 9-Brain Multi-Domain,9,Calibrated Mean Ensemble,0.49999999999999994,0.7412790697674418,0.7582870513704417,0.7798165137614679,0.7063711911357341,216,1.0
Model D: Full 9-Brain Multi-Domain,9,Logistic Regression (Unregularized),0.32499999999999996,0.7852822580645161,0.7875291441117365,0.8645948945615982,0.7192982456140351,122,1.0
Model D: Full 9-Brain Multi-Domain,9,L2-Regularized Meta-Stacker (C=0.01),0.625,0.8065887353878852,0.7826809412237745,0.9499374217772215,0.7008310249307479,40,1.0
Model D: Full 9-Brain Multi-Domain,9,HistGradientBoosting Meta-Learner,0.05,0.8,0.7775142544373649,0.9838274932614556,0.6740535549399815,12,0.99
