domain,slot,model,dataset,features,graph,temporal,train_period,validation_period,test_period,threshold,f1,pr_auc,roc_auc,precision,recall,fp,fn,p_at_100,recall_at_100,temporal_stability,training_time,inference_time,status,weights_path
Transaction,Analysis,HistGradientBoosting,Elliptic++,183,,,T1-T30,T31-T34,T35-T49,0.7499999999999999,0.7811071609954292,0.7947830009883164,0.939540734071726,0.8679458239277652,0.7100646352723915,117,314,1.0,0.0923361034164358,0.3872695625386843,9.78,9e-06,EVALUATED,d:\Random-forest\elliptic_plusplus\saved_weights\elliptic_plusplus_tx_hgb.joblib
Transaction,Analysis,Random Forest,Elliptic++,183,,,T1-T30,T31-T34,T35-T49,0.35,0.8010282776349614,0.7852015189065078,0.9139552747776593,0.9037122969837588,0.7192982456140351,83,304,1.0,0.0923361034164358,0.4165799090795177,3.95,1.2e-05,EVALUATED,d:\Random-forest\elliptic_plusplus\saved_weights\elliptic_plusplus_tx_rf.joblib
Transaction,Graph,GCN,Elliptic++,183,txs_edgelist,,T1-T30,T31-T34,T35-T49,0.8499999999999999,0.3486348634863486,0.2817789518403615,0.8188332121595991,0.2582222222222222,0.5364727608494921,1669,502,0.5,0.0461680517082179,0.1374368091614616,19.07,2.5e-05,EVALUATED,d:\Random-forest\elliptic_plusplus\saved_weights\elliptic_plusplus_gcn.pt
Transaction,Graph,GraphSAGE,Elliptic++,183,txs_edgelist,,T1-T30,T31-T34,T35-T49,0.8999999999999999,0.3918757467144564,0.3742883817171005,0.857849999416494,0.2896247240618101,0.605724838411819,1609,427,0.53,0.0489381348107109,0.1716077370815092,40.53,2.8e-05,EVALUATED,d:\Random-forest\elliptic_plusplus\saved_weights\elliptic_plusplus_graphsage.pt
Transaction,Graph,GATv2,Elliptic++,183,txs_edgelist,,T1-T30,T31-T34,T35-T49,0.8999999999999999,0.4601769911504424,0.4677144807876402,0.8718991919835652,0.3944591029023747,0.5521698984302862,918,485,0.74,0.0683287165281625,0.1892790221878525,77.58,4.5e-05,EVALUATED,d:\Random-forest\elliptic_plusplus\saved_weights\elliptic_plusplus_gatv2.pt
Transaction,Temporal,TGN,Elliptic++,183,txs_edgelist,Dynamic Memory Bank,T1-T30,T31-T34,T35-T49,0.8999999999999999,0.410641627543036,0.3543344895212494,0.8594803207753983,0.3106060606060606,0.605724838411819,1456,427,0.45,0.0415512465373961,0.1684361855212736,24.4,3.5e-05,EVALUATED,d:\Random-forest\elliptic_plusplus\saved_weights\elliptic_plusplus_tgn.pt
Transaction,Temporal,TGAT,Elliptic++,183,txs_edgelist,Continuous Sinusoidal Positional Encodings,T1-T30,T31-T34,T35-T49,0.95,0.4847380410022779,0.5071621002299391,0.870414302801403,0.4784172661870504,0.4912280701754385,580,551,0.9,0.0831024930747922,0.208748174714293,160.89,5e-05,EVALUATED,d:\Random-forest\elliptic_plusplus\saved_weights\elliptic_plusplus_tgat.pt
Transaction,Temporal,ChronoWave-GNN,Elliptic++,183,,Haar Wavelet Multi-Frequency + Temporal Cross-Attention,T1-T30,T31-T34,T35-T49,0.6499999999999999,0.5271687321258341,0.4246765409269626,0.8810754291833861,0.5448275862068965,0.5106186518928901,462,530,0.36,0.0332409972299169,0.2666877078949076,9.7,3e-05,EVALUATED,d:\Random-forest\elliptic_plusplus\saved_weights\elliptic_plusplus_chronowave.pt
Wallet,Analysis,Actor RF,Elliptic++ Actors,56,,,T1-T30,T31-T34,T35-T49,0.25,0.2443692035919328,0.2746945285116882,0.7907361503176498,0.3380855397148676,0.1913324112494236,3250,7016,1.0,0.0115260488704472,0.1331237151340998,15.85,3e-06,EVALUATED,d:\Random-forest\elliptic_plusplus\saved_weights\elliptic_plusplus_actor_rf_chronological.joblib
Wallet,Graph,GraphSAGE,Elliptic++ Actors,55,AddrAddr_edgelist,,T1-T30,T31-T34,T35-T49,0.95,0.4061149883682286,0.4175724115757171,0.8876110688321602,0.3008074044899567,0.6248721619963182,7101,1834,0.48,0.0098179586827572,0.1489864148520893,172.66,2.5e-05,EVALUATED,d:\Random-forest\elliptic_plusplus\saved_weights\elliptic_plusplus_wallet_graphsage.pt
Wallet,Graph,GCN,Elliptic++ Actors,55,AddrAddr_edgelist,,T1-T30,T31-T34,T35-T49,0.95,0.2862450973646184,0.1865233069160528,0.7495021673191633,0.2156781418498548,0.4254448762528124,7564,2809,0.04,0.0008181632235631,0.1290877445676542,137.65,2e-05,EVALUATED,d:\Random-forest\elliptic_plusplus\saved_weights\elliptic_plusplus_wallet_gcn.pt
Wallet,Graph,GATv2,Elliptic++ Actors,55,AddrAddr_edgelist,,T1-T30,T31-T34,T35-T49,0.95,0.302456639492258,0.317583085314904,0.8695052469007859,0.2064535404840155,0.5653507874821027,10624,2125,0.52,0.0106361219063203,0.1066675602053271,310.79,3e-05,EVALUATED,d:\Random-forest\elliptic_plusplus\saved_weights\elliptic_plusplus_wallet_gatv2.pt
Transaction,Temporal,FG-EGCN,Elliptic++,182,txs_edgelist,EvolveGCN-H + Adaptive Reliability Gate + Focal Loss,T1-T30,T31-T34,T35-T49,0.6,0.5218637992831541,0.6614693362283134,0.8764774324509006,0.4264792032806092,0.6722068328716528,979,355,0.99,0.0914127423822714,0.2214189420699034,50.68,3.5e-05,EVALUATED,d:\Random-forest\elliptic_plusplus\saved_weights\elliptic_plusplus_tx_fgecgn.pt
Wallet,Temporal,FG-EGCN,Elliptic++ Actors,55,AddrAddr_edgelist,EvolveGCN-H + Adaptive Reliability Gate + Focal Loss,T1-T30,T31-T34,T35-T49,0.5,0.2992429381597156,0.184839013485964,0.7745425259252605,0.1956915214536679,0.6355463347164592,22663,3162,0.02,0.0002305209774089,0.1899783095748913,215.13,4.5e-05,EVALUATED,d:\Random-forest\elliptic_plusplus\saved_weights\elliptic_plusplus_wallet_fgecgn.pt
Network,Analysis,Network RF,Elliptic++ Bipartite Network,13,AddrTx + TxAddr,,T1-T30,T31-T34,T35-T49,0.95,0.7027589796980739,0.3417767740823092,0.8106787618846376,0.8054892601431981,0.6232686980609419,163,408,0.67,0.061865189289012,0.3801725347354168,0.88,1e-05,EVALUATED,d:\Random-forest\elliptic_plusplus\saved_weights\elliptic_plusplus_network_rf.joblib
Network,Analysis,Network HGB,Elliptic++ Bipartite Network,13,AddrTx + TxAddr,,T1-T30,T31-T34,T35-T49,0.6,0.6989690721649484,0.653230399963908,0.8118477285419265,0.7911318553092183,0.6260387811634349,179,405,0.9,0.0831024930747922,0.3750531854768856,7.66,4e-06,EVALUATED,d:\Random-forest\elliptic_plusplus\saved_weights\elliptic_plusplus_network_hgb.joblib
Network,Graph,Network GraphSAGE,Elliptic++ Bipartite Network,13,2-Hop Peer Co-occurrence via AddrTx/TxAddr,,T1-T30,T31-T34,T35-T49,0.7999999999999999,0.7067433350757972,0.6648455835612765,0.821595209114587,0.8144578313253013,0.6241920590951062,154,407,0.79,0.0729455216989843,0.3774865114592301,34.15,3e-05,EVALUATED,d:\Random-forest\elliptic_plusplus\saved_weights\elliptic_plusplus_network_graphsage.pt
Network,Temporal,Network TGAT,Elliptic++ Bipartite Network,13,2-Hop Peer Co-occurrence via AddrTx/TxAddr,Continuous Sinusoidal Time Encodings,T1-T30,T31-T34,T35-T49,0.8999999999999999,0.5241116751269036,0.6261008738738075,0.8269830417788434,0.8377281947261663,0.38134810710988,80,670,0.97,0.08956602031394276,0.35205348132271946,35.42,3.5e-05,EVALUATED,d:\Random-forest\elliptic_plusplus\saved_weights\elliptic_plusplus_network_tgat.pt
